{"hf_gpt": {"losses": [3.664069890975952, 3.6331238746643066, 3.608675956726074], "args": {"name": "hf_gpt", "config": {"n_layers": 2, "n_heads": 1, "n_embd": 8, "vocab_size": 39}}}, "memformer": {"losses": [3.726799726486206, 3.6483538150787354, 3.5778818130493164], "args": {"name": "memformer", "config": {"dim": 12, "depth": 2, "heads": 2, "num_memory_slots": 64, "mem_update_attn_heads": 2, "vocab_size": 39}}}, "expire_span": {"losses": [3.8814189434051514, 3.784334182739258, 3.699286699295044], "args": {"name": "expire_span", "config": {"vocab_size": 39}}}, "xcit": {"losses": [3.967303514480591, 3.885869264602661, 3.8089261054992676], "args": {"name": "xcit", "config": {"dim": 16, "depth": 2, "n_head": 1, "vocab_size": 39}}}, "bart": {"losses": [3.6661415100097656, 3.648881196975708, 3.624112844467163], "args": {"name": "bart", "config": {"d_model": 16, "encoder_layers": 1, "decoder_layers": 1, "encoder_ffn_dim": 64, "decoder_ffn_dim": 64, "encoder_attention_heads": 1, "decoder_attention_heads": 1, "n_head": 1, "vocab_size": 39}}}, "xl_net": {"losses": [3.666356086730957, 3.639906883239746, 3.6096134185791016], "args": {"name": "xl_net", "config": {"d_model": 16, "n_layer": 3, "n_head": 1, "d_inner": 64, "vocab_size": 39}}}, "g_mlp_gpt": {"losses": [3.886808156967163, 3.8683078289031982, 3.8501241207122803], "args": {"name": "g_mlp_gpt", "config": {"dim": 8, "depth": 1, "n_head": 1, "vocab_size": 39}}}, "nystromformer": {"losses": [3.8075497150421143, 3.750131130218506, 3.693331480026245], "args": {"name": "nystromformer", "config": {"dim": 16, "dim_head": 16, "heads": 1, "depth": 2, "num_landmarks": 32, "pinv_iterations": 6, "vocab_size": 39}}}, "feedback_transformer": {"losses": [3.8206064701080322, 3.7319395542144775, 3.6466782093048096], "args": {"name": "feedback_transformer", "config": {"dim": 16, "depth": 2, "n_head": 1, "vocab_size": 39}}}}